{
  "training_metrics": {
    "train_summed_losses": 21.295427322387695,
    "train_loss_disc": 2.471299171447754,
    "train_loss_real_disc": 0.974511981010437,
    "train_loss_fake_disc": 1.4967873096466064,
    "train_loss_duration": 1.1143922805786133,
    "train_loss_mel": 0.5639913082122803,
    "train_loss_kl": 3.317476511001587,
    "train_loss_fmaps": 14.112088203430176,
    "train_loss_gen": 2.18747878074646,
    "lr": 1.9975013856310397e-05
  },
  "validation_metrics": {
    "val_loss_mel": 1.0617830753326416,
    "val_loss_kl": 5.582047462463379,
    "val_loss_mel_kl": 6.643830299377441
  },
  "step": 100
}