{
  "training_metrics": {
    "train_summed_losses": 18.625722885131836,
    "train_loss_disc": 2.5710055828094482,
    "train_loss_real_disc": 1.5111750364303589,
    "train_loss_fake_disc": 1.0598305463790894,
    "train_loss_duration": 1.3016529083251953,
    "train_loss_mel": 0.4876148998737335,
    "train_loss_kl": 4.541866302490234,
    "train_loss_fmaps": 9.825922012329102,
    "train_loss_gen": 2.468667507171631,
    "lr": 9.993751518777572e-06
  },
  "validation_metrics": {
    "val_loss_mel": 1.1339917182922363,
    "val_loss_kl": 8.26328182220459,
    "val_loss_mel_kl": 9.397273063659668
  },
  "step": 50
}